<?xml version="1.0" encoding="UTF-8"?>
<project-private xmlns="http://www.netbeans.org/ns/project-private/1">
    <editor-bookmarks xmlns="http://www.netbeans.org/ns/editor-bookmarks/2" lastBookmarkId="0"/>
    <open-files xmlns="http://www.netbeans.org/ns/projectui-open-files/2">
        <group>
            <file>file:/D:/Netbeans/Projects/Zootop/src/zootop/Update_expense_data_form.java</file>
            <file>file:/D:/Netbeans/Projects/Zootop/src/zootop/Vet_Table.java</file>
            <file>file:/D:/Netbeans/Projects/Zootop/src/zootop/UpdateAnimfood.java</file>
            <file>file:/D:/Netbeans/Projects/Zootop/src/zootop/Vet_Window.java</file>
            <file>file:/D:/Netbeans/Projects/Zootop/src/zootop/Update_vet_data_form.java</file>
            <file>file:/D:/Netbeans/Projects/Zootop/src/zootop/UpdateEnclosure.java</file>
            <file>file:/D:/Netbeans/Projects/Zootop/src/zootop/Animal_med_Window.java</file>
            <file>file:/D:/Netbeans/Projects/Zootop/src/zootop/Insert_animal_med_data_form.java</file>
            <file>file:/D:/Netbeans/Projects/Zootop/src/zootop/Update_Vet_options.java</file>
            <file>file:/D:/Netbeans/Projects/Zootop/src/zootop/Insert_import_data_form.java</file>
            <file>file:/D:/Netbeans/Projects/Zootop/src/zootop/home.java</file>
            <file>file:/D:/Netbeans/Projects/Zootop/src/zootop/Update_Import_options.java</file>
            <file>file:/D:/Netbeans/Projects/Zootop/src/zootop/AnimalTable.java</file>
            <file>file:/D:/Netbeans/Projects/Zootop/src/zootop/Update_import_data_form.java</file>
            <file>file:/D:/Netbeans/Projects/Zootop/src/zootop/Login.java</file>
            <file>file:/D:/Netbeans/Projects/Zootop/src/zootop/UpdateInfo.java</file>
            <file>file:/D:/Netbeans/Projects/Zootop/src/zootop/Update_animal_med_data_form.java</file>
            <file>file:/D:/Netbeans/Projects/Zootop/src/zootop/InsertInfo.java</file>
            <file>file:/D:/Netbeans/Projects/Zootop/src/zootop/Update_Expense_Options.java</file>
            <file>file:/D:/Netbeans/Projects/Zootop/src/zootop/Update_Animal_med_options.java</file>
            <file>file:/D:/Netbeans/Projects/Zootop/src/zootop/Import_Window.java</file>
            <file>file:/D:/Netbeans/Projects/Zootop/src/zootop/Animalfood_out.java</file>
        </group>
    </open-files>
</project-private>
